URL,Yanıt Kodu,Haberlerle İlgili Hatalar,Tespit edilme tarihi,Kategori,Platform,Son tarama
https://m.emlakjet.com/konut/,404,,28.09.2018,Bulunamadı,Masaüstü,28.09.2018
https://m.emlakjet.com/satilik-fabrika/izmir-kiraz/,404,,22.09.2018,Bulunamadı,Masaüstü,22.09.2018
https://m.emlakjet.com/haber/haber/cesme-ve-alacati-tatili-40-liradan-baslayan-fiyatlarla-1,404,,12.08.2018,Bulunamadı,Masaüstü,01.10.2018
https://m.emlakjet.com/satilik-daire/kktcgirne-asagi-girne-mahallesi?deleted=true,404,,20.09.2018,Bulunamadı,Masaüstü,30.09.2018
https://m.emlakjet.com/satilik-arsa/nigde-merkez-sazlica-beldesi/,404,,22.09.2018,Bulunamadı,Masaüstü,22.09.2018
https://m.emlakjet.com/haber/detay/tum_mansetler.php,404,,30.08.2018,Bulunamadı,Masaüstü,29.09.2018
https://m.emlakjet.com/satilik-daire/kktcgirne-lapta-koyu?deleted=true,404,,29.09.2018,Bulunamadı,Masaüstü,01.10.2018
https://m.emlakjet.com/satilik-villa/kktcgirne-ozankoy-koyu/,404,,26.09.2018,Bulunamadı,Masaüstü,26.09.2018
https://m.emlakjet.com/haber/detay/_12380.html,404,,20.05.2018,Bulunamadı,Masaüstü,20.09.2018
https://m.emlakjet.com/satilik-arsa/kirsehir-kaman-yelek-koyu/,404,,27.09.2018,Bulunamadı,Masaüstü,27.09.2018
https://m.emlakjet.com/kiralik-daire/kktclefkosa-gonyeli-koyu?deleted=true,404,,27.09.2018,Bulunamadı,Masaüstü,01.10.2018
https://m.emlakjet.com/satilik-villa/kktcgirne-lapta-koyu?deleted=true,404,,22.09.2018,Bulunamadı,Masaüstü,22.09.2018
https://m.emlakjet.com/listings/4856969/indexed,404,,24.09.2018,Bulunamadı,Masaüstü,24.09.2018
https://m.emlakjet.com/satilik-daire/kastamonu-merkez-orencik-koyu/,404,,21.09.2018,Bulunamadı,Masaüstü,21.09.2018
https://m.emlakjet.com/satilik-daire/istanbul-sultanbeyli-ahmet-yesevi-mahallesi,404,,21.09.2018,Bulunamadı,Masaüstü,21.09.2018
https://m.emlakjet.com/kiralik-daire/kktcgazimagusa-karakol-mahallesi?deleted=true,404,,30.09.2018,Bulunamadı,Masaüstü,30.09.2018
https://m.emlakjet.com/kiralik-daire/kktclefkosa-gonyeli-koyu/,404,,24.09.2018,Bulunamadı,Masaüstü,01.10.2018
https://m.emlakjet.com/kiralik-yazlik/edirne-kesan-sazlidere-koyu/sahibinden/2/,404,,30.09.2018,Bulunamadı,Masaüstü,30.09.2018
https://m.emlakjet.com/kiralik-daire/kktcgirne-asagi-girne-mahallesi?deleted=true,404,,29.09.2018,Bulunamadı,Masaüstü,29.09.2018
https://m.emlakjet.com/listings/285854/indexed?escaped=true,404,,30.09.2018,Bulunamadı,Masaüstü,30.09.2018
https://m.emlakjet.com/listings/4550420/indexed,404,,29.09.2018,Bulunamadı,Masaüstü,29.09.2018
https://m.emlakjet.com/satilik-daire/sanliurfa-haliliye-bahcelievler-mahallesi/?deleted=true,404,,27.09.2018,Bulunamadı,Masaüstü,27.09.2018
https://m.emlakjet.com/kiralik-daire/kktclefkosa-kucukkaymakli-mahallesi?deleted=true,404,,22.09.2018,Bulunamadı,Masaüstü,22.09.2018
https://m.emlakjet.com/satilik-bahce/nigde-merkez-fertek-koyu/,404,,25.09.2018,Bulunamadı,Masaüstü,25.09.2018
https://m.emlakjet.com/kiralik-daire/kktclefkosa-yenikent-mahallesi?deleted=true,404,,20.09.2018,Bulunamadı,Masaüstü,20.09.2018
https://m.emlakjet.com/satilik-daire/aydin-didim-yeni-mahallesi/16/,404,,21.09.2018,Bulunamadı,Masaüstü,21.09.2018
https://m.emlakjet.com/haber/foto-galeri/cesme-ve-alacati-tatili-40-liradan-baslayan-fiyatlarla-1,404,,19.09.2018,Bulunamadı,Masaüstü,19.09.2018
https://m.emlakjet.com/haber/detay/_1766.html,404,,21.09.2018,Bulunamadı,Masaüstü,21.09.2018
https://m.emlakjet.com/satilik-villa/kktcgirne-catalkoy-koyu?deleted=true,404,,21.09.2018,Bulunamadı,Masaüstü,21.09.2018
https://m.emlakjet.com/satilik-tarla/duzce-cumayeri-avlayan-koyu/2/,404,,21.09.2018,Bulunamadı,Masaüstü,21.09.2018
https://m.emlakjet.com/satilik-mustakil-ev/kktcgirne-asagi-girne-mahallesi?deleted=true,404,,22.09.2018,Bulunamadı,Masaüstü,22.09.2018
https://m.emlakjet.com/satilik-konut-imarli-arsa/kktcgirne-ozankoy-koyu?deleted=true,404,,20.09.2018,Bulunamadı,Masaüstü,20.09.2018
https://m.emlakjet.com/listings/5830440/indexed?escaped=true,404,,20.09.2018,Bulunamadı,Masaüstü,20.09.2018
https://m.emlakjet.com/kiralik-daire/kktclefkosa-aydemet-mahallesi?deleted=true,404,,27.09.2018,Bulunamadı,Masaüstü,01.10.2018
https://m.emlakjet.com/satilik-villa/kktclefkosa-gonyeli-koyu,404,,30.09.2018,Bulunamadı,Masaüstü,30.09.2018
https://m.emlakjet.com/kiralik-daire/kktclefkosa-ortakoy-mahallesi?deleted=true,404,,26.09.2018,Bulunamadı,Masaüstü,28.09.2018
https://m.emlakjet.com/listings/5514137/indexed?escaped=true,404,,30.09.2018,Bulunamadı,Masaüstü,30.09.2018
https://m.emlakjet.com/listings/5513550/indexed?escaped=true,404,,29.09.2018,Bulunamadı,Masaüstü,29.09.2018
https://m.emlakjet.com/listings/4989933/indexed?escaped=true,404,,29.09.2018,Bulunamadı,Masaüstü,29.09.2018
https://m.emlakjet.com/listings/475983/indexed?escaped=true,404,,28.09.2018,Bulunamadı,Masaüstü,28.09.2018
https://m.emlakjet.com/listings/637017/indexed?escaped=true,404,,28.09.2018,Bulunamadı,Masaüstü,28.09.2018
https://m.emlakjet.com/kiralik-apartman-dairesi/antalya-konyaalti-uncali-mahallesi/?deleted=true,404,,25.09.2018,Bulunamadı,Masaüstü,25.09.2018
https://m.emlakjet.com/satilik-daire/kktclefkosa-yenikent-mahallesi?deleted=true,404,,22.09.2018,Bulunamadı,Masaüstü,22.09.2018
https://m.emlakjet.com/kiralik-depo-antrepo-izinli/ardahan-merkez/?view_type=map,404,,20.09.2018,Bulunamadı,Masaüstü,20.09.2018
https://m.emlakjet.com/satilik-daire/istanbul-cekmekoy-mimar-sinan-mahallesi/2/,404,,26.09.2018,Bulunamadı,Masaüstü,26.09.2018
https://m.emlakjet.com/satilik-konut-imarli-arsa/izmir-cesme-alacati,404,,27.09.2018,Bulunamadı,Masaüstü,27.09.2018
https://m.emlakjet.com/satilik-daire/izmir-karsiyaka-mavisehir/,404,,22.09.2018,Bulunamadı,Masaüstü,22.09.2018
https://m.emlakjet.com/satilik-konut-imarli-arsa/izmir-dikili-denizkoy,404,,28.09.2018,Bulunamadı,Masaüstü,28.09.2018
https://m.emlakjet.com/gunluk-kiralik-daire/43/?oda_sayisi%5B%5D=5,404,,29.09.2018,Bulunamadı,Masaüstü,29.09.2018
https://m.emlakjet.com/satilik-daire/izmir-buca-kurucesme/,404,,25.09.2018,Bulunamadı,Masaüstü,25.09.2018
https://m.emlakjet.com/jethat/,404,,25.09.2018,Bulunamadı,Masaüstü,25.09.2018
https://m.emlakjet.com/haber/haber/afyonkarahisar-otelleri-68-liradan-baslayan-fiyatlarla-1,404,,15.06.2018,Bulunamadı,Masaüstü,01.10.2018
https://m.emlakjet.com/kiralik-yazlik/izmir-dikili-candarli/,404,,22.09.2018,Bulunamadı,Masaüstü,22.09.2018
https://m.emlakjet.com/satilik-daire/izmir-torbali-ayrancilar/,404,,20.09.2018,Bulunamadı,Masaüstü,20.09.2018
https://m.emlakjet.com/satilik-daire/kktcgirne-catalkoy-koyu?deleted=true,404,,21.09.2018,Bulunamadı,Masaüstü,30.09.2018
https://m.emlakjet.com/satilik-daire/bolu-merkez-sebenardi-koyu/,404,,30.09.2018,Bulunamadı,Masaüstü,30.09.2018
https://m.emlakjet.com/satilik-daire/kayseri-talas-anayurt/3/,404,,30.09.2018,Bulunamadı,Masaüstü,30.09.2018
https://m.emlakjet.com/satilik-villa/kktcgirne-esentepe-koyu?deleted=true,404,,01.10.2018,Bulunamadı,Masaüstü,01.10.2018
https://m.emlakjet.com/kiralik-daire/kocaeli-izmit-yuvacik/,404,,29.09.2018,Bulunamadı,Masaüstü,29.09.2018
https://m.emlakjet.com/satilik-tarla/izmir-bergama-ferizler-mahallesi/%7B%7Bpage%7D%7D/,404,,29.09.2018,Bulunamadı,Masaüstü,29.09.2018
https://m.emlakjet.com/satilik-konut-imarli-arsa/istanbul-silivri-alibey,404,,29.09.2018,Bulunamadı,Masaüstü,29.09.2018
https://m.emlakjet.com/haber/haber/kktclefkosa-otelleri-64-liradan-baslayan-fiyatlarla-1,404,,27.07.2018,Bulunamadı,Masaüstü,01.10.2018
https://m.emlakjet.com/haber/haber/kktciskele-otelleri-91-liradan-baslayan-fiyatlarla-1,404,,28.07.2018,Bulunamadı,Masaüstü,01.10.2018
https://m.emlakjet.com/satilik-tarla/kktcgirne-camlibel-bucagi/,404,,28.09.2018,Bulunamadı,Masaüstü,28.09.2018
https://m.emlakjet.com/satilik-bahce/nigde-merkez-fertek-koyu,404,,28.09.2018,Bulunamadı,Masaüstü,28.09.2018
https://m.emlakjet.com/satilik-tarla/kktciskele-buyukkonuk-koyu/,404,,28.09.2018,Bulunamadı,Masaüstü,28.09.2018
https://m.emlakjet.com/satilik-tarla/bolu-mudurnu-kurtlar-koyu/,404,,27.09.2018,Bulunamadı,Masaüstü,27.09.2018
https://m.emlakjet.com/satilik-tarla/kktciskele-turnalar-koyu/,404,,27.09.2018,Bulunamadı,Masaüstü,27.09.2018
https://m.emlakjet.com/satilik-villa/kktcguzelyurt-akcay-koyu/,404,,27.09.2018,Bulunamadı,Masaüstü,27.09.2018
https://m.emlakjet.com/satilik-tarla/kktclefkosa-gonyeli-koyu/,404,,27.09.2018,Bulunamadı,Masaüstü,27.09.2018
https://m.emlakjet.com/satilik-tarla/bolu-merkez-golkoy-koyu/,404,,27.09.2018,Bulunamadı,Masaüstü,27.09.2018
https://m.emlakjet.com/haber/foto-galeri/kktclefkosa-otelleri-64-liradan-baslayan-fiyatlarla-1,404,,04.08.2018,Bulunamadı,Masaüstü,30.09.2018
https://m.emlakjet.com/satilik-tarla/istanbul-catalca-kaleici,404,,26.09.2018,Bulunamadı,Masaüstü,26.09.2018
https://m.emlakjet.com/satilik-konut-imarli-arsa/kktciskele-mersinlik-koyu?deleted=true,404,,27.09.2018,Bulunamadı,Masaüstü,27.09.2018
https://m.emlakjet.com/satilik-tarla/kktcgirne-akcicek-koyu/,404,,25.09.2018,Bulunamadı,Masaüstü,25.09.2018
https://m.emlakjet.com/satilik-villa/kktciskele-yarkoy-koyu/,404,,25.09.2018,Bulunamadı,Masaüstü,25.09.2018
https://m.emlakjet.com/satilik-konut-imarli-arsa/izmir-cesme-ildir,404,,24.09.2018,Bulunamadı,Masaüstü,24.09.2018
https://m.emlakjet.com/devren-bar/ankara-akyurt/%7B%7Bpage%7D%7D/,404,,22.09.2018,Bulunamadı,Masaüstü,22.09.2018
https://m.emlakjet.com/kiralik-daire/bursa-osmangazi-heykel/,404,,21.09.2018,Bulunamadı,Masaüstü,21.09.2018
https://m.emlakjet.com/satilik-villa/istanbul-buyukcekmece-tepecik/,404,,01.10.2018,Bulunamadı,Masaüstü,01.10.2018
https://m.emlakjet.com/satilik-konut-imarli-arsa/kocaeli-kandira-dalca/,404,,01.10.2018,Bulunamadı,Masaüstü,01.10.2018
https://m.emlakjet.com/satilik-konut-imarli-arsa/malatya-merkez,404,,01.10.2018,Bulunamadı,Masaüstü,01.10.2018
https://m.emlakjet.com/devren-pazar-tezgahi/mugla-merkez/,404,,01.10.2018,Bulunamadı,Masaüstü,01.10.2018
https://m.emlakjet.com/satilik-konut-imarli-arsa/tekirdag-marmaraereglisi-yeniciftlik/6/,404,,01.10.2018,Bulunamadı,Masaüstü,01.10.2018
https://m.emlakjet.com/kiralik-daire/kktclefkosa-ortakoy/,404,,01.10.2018,Bulunamadı,Masaüstü,01.10.2018
https://m.emlakjet.com/satilik-daire/aydin-merkez/,404,,01.10.2018,Bulunamadı,Masaüstü,01.10.2018
https://m.emlakjet.com/satilik-daire/istanbul-sultangazi-habibler/,404,,01.10.2018,Bulunamadı,Masaüstü,01.10.2018
https://m.emlakjet.com/kiralik-daire/kktclefkosa-taskinkoy-mahallesi?deleted=true,404,,20.09.2018,Bulunamadı,Masaüstü,20.09.2018
https://m.emlakjet.com/kiralik-yazlik/edirne-kesan-sazlidere-koyu/sahibinden/%7B%7Bpage%7D%7D/,404,,01.10.2018,Bulunamadı,Masaüstü,01.10.2018
https://m.emlakjet.com/haber/foto-galeri/kktciskele-otelleri-91-liradan-baslayan-fiyatlarla-1,404,,24.07.2018,Bulunamadı,Masaüstü,22.09.2018
https://m.emlakjet.com/satilik-villa/kktcgirne-yesiltepe-koyu?deleted=true,404,,01.10.2018,Bulunamadı,Masaüstü,01.10.2018
https://m.emlakjet.com/satilik-villa/kktcgazimagusa-sakarya-mahallesi?deleted=true,404,,30.09.2018,Bulunamadı,Masaüstü,01.10.2018
https://m.emlakjet.com/satilik-tarla/afyonkarahisar-bayat-derbent-koyu/emlakcidan,404,,30.09.2018,Bulunamadı,Masaüstü,30.09.2018
https://m.emlakjet.com/satilik-daire/kktcguzelyurt-gaziveren-koyu?deleted=true,404,,01.10.2018,Bulunamadı,Masaüstü,01.10.2018
https://m.emlakjet.com/kiralik-daire/kktclefkosa-marmara-mahallesi?deleted=true,404,,01.10.2018,Bulunamadı,Masaüstü,01.10.2018
https://m.emlakjet.com/listings/5565371/indexed?escaped=true,404,,01.10.2018,Bulunamadı,Masaüstü,01.10.2018
https://m.emlakjet.com/satilik-tarla/tekirdag-marmaraereglisi-sultankoy/,404,,29.09.2018,Bulunamadı,Masaüstü,29.09.2018
https://m.emlakjet.com/satilik-mustakil-ev/kktcgirne-zeytinlik-mahallesi/sahibinden/?oda_sayisi[]=7,404,,30.09.2018,Bulunamadı,Masaüstü,30.09.2018
https://m.emlakjet.com/kiralik-daire/kktclefkosa-lefkosa/,404,,27.09.2018,Bulunamadı,Masaüstü,27.09.2018
https://m.emlakjet.com/satilik-villa/kktcgirne-karaagac-koyu/,404,,27.09.2018,Bulunamadı,Masaüstü,27.09.2018
https://m.emlakjet.com/satilik-daire/istanbul-kartal-rahmanlar/4/,404,,26.09.2018,Bulunamadı,Masaüstü,26.09.2018
https://m.emlakjet.com/satilik-residence/kktcgirne-ozankoy-koyu,404,,26.09.2018,Bulunamadı,Masaüstü,26.09.2018
https://m.emlakjet.com/satilik-daire/istanbul-kartal-rahmanlar/2/,404,,26.09.2018,Bulunamadı,Masaüstü,26.09.2018
https://m.emlakjet.com/-/istanbul-kadikoy,404,,26.09.2018,Bulunamadı,Masaüstü,26.09.2018
https://m.emlakjet.com/kiralik-depo/kktclefkosa-hamitkoy-koyu?deleted=true,404,,27.09.2018,Bulunamadı,Masaüstü,27.09.2018
https://m.emlakjet.com/satilik-villa/kktcgirne-zeytinlik-mahallesi?deleted=true,404,,21.09.2018,Bulunamadı,Masaüstü,24.09.2018
https://m.emlakjet.com/satilik-villa/kktcgirne-karaoglanoglu-mahallesi/?oda_sayisi[]=5,404,,22.09.2018,Bulunamadı,Masaüstü,22.09.2018
https://m.emlakjet.com/satilik-daire/ankara-kecioren-aktepe/5/,404,,22.09.2018,Bulunamadı,Masaüstü,22.09.2018
https://m.emlakjet.com/satilik-daire/izmir-tire-merkez/,404,,22.09.2018,Bulunamadı,Masaüstü,22.09.2018
https://m.emlakjet.com/satilik-villa/kktcgirne-kayalar-koyu/?oda_sayisi[]=9,404,,22.09.2018,Bulunamadı,Masaüstü,22.09.2018
https://m.emlakjet.com/satilik-daire/kktcgirne-girne-pinarbasi,404,,20.09.2018,Bulunamadı,Masaüstü,20.09.2018
https://m.emlakjet.com/satilik-konut/kktclefkosa-degirmenlik-bucagi-minarelikoy-mahallesi/,404,,20.09.2018,Bulunamadı,Masaüstü,20.09.2018
https://m.emlakjet.com/satilik-konut-imarli-arsa/kktcgirne-agirdag-koyu?deleted=true,404,,21.09.2018,Bulunamadı,Masaüstü,21.09.2018
https://m.emlakjet.com/satilik-arsa/elazig-merkez-sutluce-koyu/emlakcidan/,301,,23.07.2018,İzlenemiyor,Masaüstü,23.07.2018
https://m.emlakjet.com/projeler/proje/admira-goksu,503,,28.09.2018,Sunucu hatası,Masaüstü,30.09.2018
https://m.emlakjet.com/projeler/proje/batisehir-loca,503,,07.08.2018,Sunucu hatası,Masaüstü,27.09.2018
https://m.emlakjet.com/projeler/proje/sinpas-palas,503,,14.08.2018,Sunucu hatası,Masaüstü,23.09.2018
https://m.emlakjet.com/projeler/proje/elite-concept,503,,01.10.2018,Sunucu hatası,Masaüstü,01.10.2018
https://m.emlakjet.com/projeler/proje/evvel-istanbul,503,,08.08.2018,Sunucu hatası,Masaüstü,20.09.2018
https://m.emlakjet.com/haber/foto-galeri/beyazit-kampusune-yakin-ogrenci-yurtlari-1,502,,20.09.2018,Sunucu hatası,Masaüstü,20.09.2018
https://m.emlakjet.com/projeler/proje/kagithane-4401/,503,,03.09.2018,Sunucu hatası,Masaüstü,23.09.2018
https://m.emlakjet.com/satilik-mustakil-ev/mugla-koycegiz/,404,,25.09.2018,Bulunamadı,Akıllı telefon,25.09.2018
https://m.emlakjet.com/satilik-daire/sanliurfa-haliliye-yavuz-selim-mahallesi/,404,,27.09.2018,Bulunamadı,Akıllı telefon,27.09.2018
https://m.emlakjet.com/antalya-muratpasa-fener-mahallesi,404,,28.09.2018,Bulunamadı,Akıllı telefon,28.09.2018
https://m.emlakjet.com/satilik-konut-imarli-arsa/canakkale-lapseki-cardak-beldesi/,404,,28.09.2018,Bulunamadı,Akıllı telefon,28.09.2018
https://m.emlakjet.com/satilik-daire/kktcgirne-alsancak-koyu?deleted=true,404,,21.09.2018,Bulunamadı,Akıllı telefon,21.09.2018
https://m.emlakjet.com/istanbul-pendik-seyhli-mahallesi,404,,25.09.2018,Bulunamadı,Akıllı telefon,25.09.2018
https://m.emlakjet.com/haber/haber/uzungol-otelleri-40-liradan-baslayan-fiyatlarla-1,404,,28.08.2018,Bulunamadı,Akıllı telefon,28.08.2018
https://m.emlakjet.com/kocaeli-izmit-orhan-mahallesi,404,,20.09.2018,Bulunamadı,Akıllı telefon,20.09.2018
https://m.emlakjet.com/kiralik-daire/kktcgirne-zeytinlik-mahallesi?deleted=true,404,,21.09.2018,Bulunamadı,Akıllı telefon,22.09.2018
https://m.emlakjet.com/kiralik-daire/kktcgazimagusa-tuzla-mahallesi?deleted=true,404,,21.09.2018,Bulunamadı,Akıllı telefon,21.09.2018
https://m.emlakjet.com/satilik-konut/kktclefkosa-kucukkaymakli-mahallesi/,404,,28.09.2018,Bulunamadı,Akıllı telefon,28.09.2018
https://m.emlakjet.com/satilik-daire/kktclefkosa-yenikent-mahallesi,404,,27.09.2018,Bulunamadı,Akıllı telefon,27.09.2018
https://m.emlakjet.com/satilik-tarla/amasya-merzifon-aksungur-koyu/,404,,21.09.2018,Bulunamadı,Akıllı telefon,21.09.2018
https://m.emlakjet.com/satilik-konut/kktclefkosa-gonyeli-koyu,404,,29.09.2018,Bulunamadı,Akıllı telefon,29.09.2018
https://m.emlakjet.com/satilik-daire/izmir-menemen-ulukent/,404,,27.09.2018,Bulunamadı,Akıllı telefon,27.09.2018
https://m.emlakjet.com/satilik-daire/izmir-buca-sirinyer/,404,,26.09.2018,Bulunamadı,Akıllı telefon,26.09.2018
https://m.emlakjet.com/satilik-konut/rize-ardesen-akkaya-koyu/?oda_sayisi[]=7,404,,22.09.2018,Bulunamadı,Akıllı telefon,22.09.2018
https://m.emlakjet.com/kiralik-daire/istanbul-uskudar-harem/,404,,30.09.2018,Bulunamadı,Akıllı telefon,30.09.2018
https://m.emlakjet.com/satilik-daire/istanbul-besiktas-ihlamur/,404,,30.09.2018,Bulunamadı,Akıllı telefon,30.09.2018
https://m.emlakjet.com/satilik-daire/istanbul-sisli-bomonti/,404,,30.09.2018,Bulunamadı,Akıllı telefon,30.09.2018
https://m.emlakjet.com/ustduzey/login.php,404,,30.09.2018,Bulunamadı,Akıllı telefon,30.09.2018
https://m.emlakjet.com/kiralik-daire/istanbul-kadikoy-ziverbey,404,,27.09.2018,Bulunamadı,Akıllı telefon,27.09.2018
https://m.emlakjet.com/satilik-daire/istanbul-sancaktepe-samandira,404,,29.09.2018,Bulunamadı,Akıllı telefon,29.09.2018
https://m.emlakjet.com/satilik-daire/ankara-cankaya-yukari-ayranci,404,,27.09.2018,Bulunamadı,Akıllı telefon,27.09.2018
https://m.emlakjet.com/satilik-daire/istanbul-uskudar-fistikagaci/,404,,27.09.2018,Bulunamadı,Akıllı telefon,27.09.2018
https://m.emlakjet.com/satilik-arsa/burdur-bucak-elsazi-koyu/,404,,27.09.2018,Bulunamadı,Akıllı telefon,27.09.2018
https://m.emlakjet.com/kiralik-daire/istanbul-kartal-aydos/,404,,27.09.2018,Bulunamadı,Akıllı telefon,27.09.2018
https://m.emlakjet.com/satilik-daire/istanbul-gaziosmanpasa-besyuzevler,404,,27.09.2018,Bulunamadı,Akıllı telefon,27.09.2018
https://m.emlakjet.com/kiralik-daire/istanbul-fatih-kumkapi,404,,27.09.2018,Bulunamadı,Akıllı telefon,27.09.2018
https://m.emlakjet.com/kiralik-daire/istanbul-esenler-davutpasa,404,,26.09.2018,Bulunamadı,Akıllı telefon,26.09.2018
https://m.emlakjet.com/kiralik-daire/ankara-cankaya-kolej,404,,26.09.2018,Bulunamadı,Akıllı telefon,26.09.2018
https://m.emlakjet.com/kiralik-daire/izmir-gaziemir-sarnic/,404,,26.09.2018,Bulunamadı,Akıllı telefon,26.09.2018
https://m.emlakjet.com/kiralik-muhtelif-arsa/duzce-gumusova-hacikadirler-koyu/%7B%7Bpage%7D%7D/,404,,23.09.2018,Bulunamadı,Akıllı telefon,23.09.2018
https://m.emlakjet.com/satilik-daire/kktclefkosa-aydemet-mahallesi/,404,,22.09.2018,Bulunamadı,Akıllı telefon,22.09.2018
https://m.emlakjet.com/satilik-konut/canakkale-gelibolu-evrese-beldesi/,404,,22.09.2018,Bulunamadı,Akıllı telefon,22.09.2018
https://m.emlakjet.com/kiralik-daire/istanbul-beyoglu-taksim,404,,21.09.2018,Bulunamadı,Akıllı telefon,21.09.2018
https://m.emlakjet.com/kiralik-daire/ankara-golbasi/?oda_sayisi[]=12,404,,22.09.2018,Bulunamadı,Akıllı telefon,22.09.2018
https://m.emlakjet.com/kiralik-daire/kktcgirne-karaoglanoglu-mahallesi?deleted=true,404,,22.09.2018,Bulunamadı,Akıllı telefon,22.09.2018
https://m.emlakjet.com/haber/detay/istanbul-merkez,404,,18.07.2018,Bulunamadı,Akıllı telefon,28.07.2018
https://m.emlakjet.com/kiralik-daire/canakkale-merkez-cevatpasa,404,,01.10.2018,Bulunamadı,Akıllı telefon,01.10.2018
https://m.emlakjet.com/satilik-daire/izmir-menemen-ulukent,404,,01.10.2018,Bulunamadı,Akıllı telefon,01.10.2018
https://m.emlakjet.com/satilik-yazlik/edirne-kesan-erikli-koyu/,404,,01.10.2018,Bulunamadı,Akıllı telefon,01.10.2018
https://m.emlakjet.com/satilik-daire/istanbul-besiktas-ciragan/,404,,01.10.2018,Bulunamadı,Akıllı telefon,01.10.2018
https://m.emlakjet.com/satilik-zeytinlik/izmir-torbali-yazibasi/,404,,01.10.2018,Bulunamadı,Akıllı telefon,01.10.2018
https://m.emlakjet.com/kiralik-daire/ankara-sincan-yenikent/,404,,01.10.2018,Bulunamadı,Akıllı telefon,01.10.2018
https://m.emlakjet.com/satilik-tarla/canakkale-gelibolu-bolayir-koyu/,404,,01.10.2018,Bulunamadı,Akıllı telefon,01.10.2018
https://m.emlakjet.com/satilik-daire/kktclefkosa-koskluciftlik-mahallesi,404,,01.10.2018,Bulunamadı,Akıllı telefon,01.10.2018
https://m.emlakjet.com/satilik-daire/istanbul-sisli-okmeydani/,404,,01.10.2018,Bulunamadı,Akıllı telefon,01.10.2018
https://m.emlakjet.com/kullanim-kosullari.php,404,,01.10.2018,Bulunamadı,Akıllı telefon,01.10.2018
https://m.emlakjet.com/son_dakika.php,404,,20.09.2018,Bulunamadı,Akıllı telefon,20.09.2018
https://m.emlakjet.com/tum_mansetler.php,404,,21.09.2018,Bulunamadı,Akıllı telefon,21.09.2018
https://m.emlakjet.com/il,404,,01.10.2018,Bulunamadı,Akıllı telefon,01.10.2018
https://m.emlakjet.com/emlak,404,,30.09.2018,Bulunamadı,Akıllı telefon,30.09.2018
https://m.emlakjet.com/konut/emlak-satilik-daire-istanbul-fatih-141583.html,404,,30.09.2018,Bulunamadı,Akıllı telefon,30.09.2018
https://m.emlakjet.com/uye-kayit.php,404,,26.09.2018,Bulunamadı,Akıllı telefon,26.09.2018
https://m.emlakjet.com/kiralik-daire/rahmanlar/,404,,30.09.2018,Bulunamadı,Akıllı telefon,30.09.2018
https://m.emlakjet.com/satilik-arsa/mersin-akdeniz-akdam/,404,,29.09.2018,Bulunamadı,Akıllı telefon,29.09.2018
https://m.emlakjet.com/kiralik-daire/nisantasi/,404,,29.09.2018,Bulunamadı,Akıllı telefon,29.09.2018
https://m.emlakjet.com/en_begenilen_emlak_haberleri.php,404,,28.09.2018,Bulunamadı,Akıllı telefon,28.09.2018
https://m.emlakjet.com/gunluk-kiralik-villa/antalya-kemer-merkez/,404,,28.09.2018,Bulunamadı,Akıllı telefon,28.09.2018
https://m.emlakjet.com/isyeri/emlak-satilik-dukkan-istanbul-umraniye-346277.html,404,,28.09.2018,Bulunamadı,Akıllı telefon,28.09.2018
https://m.emlakjet.com/kategori/satilik/arsa/diger/hatay/iskenderun/8101/index.html,404,,28.09.2018,Bulunamadı,Akıllı telefon,28.09.2018
https://m.emlakjet.com/satilik-residence/istanbul-sisli-nisantasi,404,,28.09.2018,Bulunamadı,Akıllı telefon,28.09.2018
https://m.emlakjet.com/satilik-tarla/konya-selcuklu-kinik-mahallesi,404,,28.09.2018,Bulunamadı,Akıllı telefon,28.09.2018
https://m.emlakjet.com/isyeri/emlak-kiralik-ofis-icel_mersin-akdeniz-413824.html,404,,27.09.2018,Bulunamadı,Akıllı telefon,27.09.2018
https://m.emlakjet.com/satilik-arsa/izmir-menemen-asarlik/,404,,20.09.2018,Bulunamadı,Akıllı telefon,26.09.2018
https://m.emlakjet.com/gizlilik-politikasi.php,404,,26.09.2018,Bulunamadı,Akıllı telefon,26.09.2018
https://m.emlakjet.com/satilik-daire/istanbul-fatih-samatya/sahibinden/,404,,25.09.2018,Bulunamadı,Akıllı telefon,25.09.2018
https://m.emlakjet.com/sat,404,,24.09.2018,Bulunamadı,Akıllı telefon,24.09.2018
https://m.emlakjet.com/haber/detay/_10332.html,404,,23.09.2018,Bulunamadı,Akıllı telefon,23.09.2018
https://m.emlakjet.com/hesabim-uyelik-bilgilerim.php,404,,23.09.2018,Bulunamadı,Akıllı telefon,23.09.2018
https://m.emlakjet.com/satilik-diger/istanbul-arnavutkoy-merkez/,404,,23.09.2018,Bulunamadı,Akıllı telefon,23.09.2018
https://m.emlakjet.com/konut/emlak-kiralik-daire-bursa-osmangazi-433868.html,404,,23.09.2018,Bulunamadı,Akıllı telefon,23.09.2018
https://m.emlakjet.com/isyeri/emlak-satilik-dukkan-istanbul-bagcilar-2233866.html,404,,22.09.2018,Bulunamadı,Akıllı telefon,22.09.2018
https://m.emlakjet.com/satilik-fabrika/izmir-bornova-pinarbasi,404,,22.09.2018,Bulunamadı,Akıllı telefon,22.09.2018
https://m.emlakjet.com/satilik-arsa/ankara-yenimahalle-gimat/,404,,22.09.2018,Bulunamadı,Akıllı telefon,22.09.2018
https://m.emlakjet.com/satilik-koy-evi/kktciskele-yarkoy-koyu/,404,,22.09.2018,Bulunamadı,Akıllı telefon,22.09.2018
https://m.emlakjet.com/satilik-fabrika/izmir-torbali-pancar/,404,,22.09.2018,Bulunamadı,Akıllı telefon,22.09.2018
https://m.emlakjet.com/satilik-villa/bursa-nilufer-odunluk,404,,22.09.2018,Bulunamadı,Akıllı telefon,22.09.2018
https://m.emlakjet.com/satilik-daire/kktclefkosa-lefkosa-alaykoy/,404,,22.09.2018,Bulunamadı,Akıllı telefon,22.09.2018
https://m.emlakjet.com/satilik-muhtelif-arsa/kktcgirne-agirdag-koyu/%7B%7Bpage%7D%7D/,404,,22.09.2018,Bulunamadı,Akıllı telefon,22.09.2018
https://m.emlakjet.com/kiralik-villa/kktcgirne-karaoglanoglu-mahallesi?deleted=true,404,,23.09.2018,Bulunamadı,Akıllı telefon,23.09.2018
https://m.emlakjet.com/arsa/emlak-satilik-tarla-gaziantep-sahinbey-1958750.html,404,,21.09.2018,Bulunamadı,Akıllı telefon,21.09.2018
https://m.emlakjet.com/kat-karsiligi-konut-imarli-arsa/istanbul-beylikduzu-haramidere/,404,,21.09.2018,Bulunamadı,Akıllı telefon,21.09.2018
https://m.emlakjet.com/foto-galeri.php,404,,21.09.2018,Bulunamadı,Akıllı telefon,21.09.2018
https://m.emlakjet.com/kiralik-daire/kktcgazimagusa-mormenekse-mahallesi/,404,,21.09.2018,Bulunamadı,Akıllı telefon,21.09.2018
https://m.emlakjet.com/satilik-daire/kktcgazimagusa-pertev-pasa-mahallesi,404,,21.09.2018,Bulunamadı,Akıllı telefon,21.09.2018
https://m.emlakjet.com/kiralik-daire/kktclefkosa-kucukkaymakli-mahallesi/?oda_sayisi[]=3,404,,22.09.2018,Bulunamadı,Akıllı telefon,22.09.2018
https://m.emlakjet.com/satilik-daire/istanbul-sisli-kurtulus/7/,404,,21.09.2018,Bulunamadı,Akıllı telefon,21.09.2018
https://m.emlakjet.com/satilik-daire/istanbul-fatih-sirkeci/,404,,21.09.2018,Bulunamadı,Akıllı telefon,21.09.2018
https://m.emlakjet.com/konut/emlak-satilik-daire-izmir-bergama-306011.html,404,,21.09.2018,Bulunamadı,Akıllı telefon,21.09.2018
https://m.emlakjet.com/kategori/satilik/arsa/ozel_kullanim/izmir/buca/index.html,404,,21.09.2018,Bulunamadı,Akıllı telefon,21.09.2018
https://m.emlakjet.com/kiralik-ofis/istanbul-kadikoy-moda,404,,21.09.2018,Bulunamadı,Akıllı telefon,21.09.2018
https://m.emlakjet.com/satilik-tarla/kktcgazimagusa-kapali-maras-mahallesi?deleted=true,404,,22.09.2018,Bulunamadı,Akıllı telefon,22.09.2018
https://m.emlakjet.com/satilik-daire/izmir-seferihisar-doganbey/,404,,20.09.2018,Bulunamadı,Akıllı telefon,20.09.2018
https://m.emlakjet.com/kiralik-villa/kktcgirne-alsancak-koyu?deleted=true,404,,21.09.2018,Bulunamadı,Akıllı telefon,21.09.2018
https://m.emlakjet.com/satilik-daire/kktcgirne-pinarbasi-koyu,404,,20.09.2018,Bulunamadı,Akıllı telefon,20.09.2018
https://m.emlakjet.com/kiralik-daire/kktcgazimagusa-canakkale-mahallesi?deleted=true,404,,21.09.2018,Bulunamadı,Akıllı telefon,21.09.2018
https://m.emlakjet.com/satilik-mustakil-ev/kktclefkosa-alaykoy-koyu?deleted=true,404,,21.09.2018,Bulunamadı,Akıllı telefon,21.09.2018
https://m.emlakjet.com/kiralik-daire/kktcgazimagusa-mormenekse-mahallesi,404,,20.09.2018,Bulunamadı,Akıllı telefon,20.09.2018
https://m.emlakjet.com/bolge-raporu/adana/?gclid=eaiaiqobchmin_bmtdjl3qivruh3ch0adgrieaayayaaeglpcfd_bwe,404,,21.09.2018,Bulunamadı,Akıllı telefon,21.09.2018
https://m.emlakjet.com/bolge-raporu/antalya-kepez/13/?min_fiyat=275975&max_fiyat=27597500&p33=1,404,,21.09.2018,Bulunamadı,Akıllı telefon,21.09.2018
https://m.emlakjet.com/projeler/proje/fortis-sinanli-kadikoy/,404,,12.08.2018,Bulunamadı,Akıllı telefon,12.08.2018
https://m.emlakjet.com/emlak-liste.php?gm_durum=2&gm_tipi=2&gm_turu2%5B%5D=1&sehir_id=35&ilce_id=0&fiyat1=&fiyat2=&my_para_tur=&m2_1=&m2_2=&binanin_kat_sayisi=&binanin_yasi=&yapi_durumu=&krediye_uygunluk=&ob=1&yon=1&sayfa_no=11,404,,22.09.2018,Bulunamadı,Akıllı telefon,22.09.2018
https://m.emlakjet.com/haber/haber/istanbul-merkez,404,,22.07.2018,Bulunamadı,Akıllı telefon,29.07.2018
https://m.emlakjet.com/haber/haber/yeni-merkez,404,,30.07.2018,Bulunamadı,Akıllı telefon,30.07.2018
https://m.emlakjet.com/haber/foto-galeri/dev-merkez,404,,27.07.2018,Bulunamadı,Akıllı telefon,27.07.2018
https://m.emlakjet.com/haber/detay/evviva-merkez,404,,25.07.2018,Bulunamadı,Akıllı telefon,25.07.2018
https://m.emlakjet.com/haber/haber/uluslararasi-merkez,404,,24.07.2018,Bulunamadı,Akıllı telefon,24.07.2018
https://m.emlakjet.com/ilan/manisa-sarigol-satilik-istege-bagli-30-m2-21-prefabrik-binalar-5966349/,502,,23.09.2018,Sunucu hatası,Akıllı telefon,23.09.2018
https://m.emlakjet.com/ilan/giyimkentte-kiralik-2-katli-ofis-is-yeri-lokanta-olmaya-uygundur-6603545/,502,,23.09.2018,Sunucu hatası,Akıllı telefon,23.09.2018
https://m.emlakjet.com/ilan/oray-prefabrik-a-s-5355899/,504,,01.07.2018,Sunucu hatası,Akıllı telefon,05.08.2018
https://m.emlakjet.com/ilan/tarakli-termal-tatil-koyu-5986227/,524,,01.08.2018,Sunucu hatası,Akıllı telefon,01.08.2018
https://m.emlakjet.com/ilan/devren-kiralik-guvenc-taksiye-yakin-bufe-5304825/,502,,14.09.2018,Sunucu hatası,Akıllı telefon,14.09.2018
https://m.emlakjet.com/projeler/proje/skyland-istanbul-1,503,,26.09.2018,Sunucu hatası,Akıllı telefon,26.09.2018
https://m.emlakjet.com/ilan/alanya-marinada-satilik-otel-6522710/,502,,19.08.2018,Sunucu hatası,Akıllı telefon,19.08.2018
https://m.emlakjet.com/ilan/izmir-torbali-gold-emlaktan-satilik-tavuk-kumesi-6510950/,504,,07.08.2018,Sunucu hatası,Akıllı telefon,07.08.2018
https://m.emlakjet.com/ilan/ahmediye-cadde-uzri-kiralik-dukkan-6505683/,504,,30.07.2018,Sunucu hatası,Akıllı telefon,30.07.2018
https://m.emlakjet.com/kiralik-konut/istanbul-esenyurt-barbaros-hayrettin-pasa-mahallesi/,502,,27.09.2018,Sunucu hatası,Akıllı telefon,27.09.2018
https://m.emlakjet.com/ilan/tuzla-aydinli-merkezde-35-m2-bufe-satilik-6529576/,524,,12.08.2018,Sunucu hatası,Akıllı telefon,12.08.2018
https://m.emlakjet.com/ilan/kucuk-bir-yatirimla-kendi-isinizin-patronu-olun-6507418/,502,,23.08.2018,Sunucu hatası,Akıllı telefon,23.08.2018
https://m.emlakjet.com/projeler/proje/nef-sancaktepe,503,,27.09.2018,Sunucu hatası,Akıllı telefon,27.09.2018
https://m.emlakjet.com/ilan/isdegisikligi-nedeniyle-devren-satilik-pastane-6510722/,502,,19.08.2018,Sunucu hatası,Akıllı telefon,19.08.2018
https://m.emlakjet.com/ilan/bagcilar-da-kacirilmayacak-yerde-devren-cafe-6435583/,502,,17.08.2018,Sunucu hatası,Akıllı telefon,17.08.2018
https://m.emlakjet.com/ilan/acil-cumhuriyet-meydaninda-kose-basi-bufetekel-cadde-uzeri-5749890/,524,,01.08.2018,Sunucu hatası,Akıllı telefon,01.08.2018
https://m.emlakjet.com/projeler/proje/seapearl-atakoy,503,,04.08.2018,Sunucu hatası,Akıllı telefon,04.08.2018
https://m.emlakjet.com/projeler/proje/muhtesem-yeni-yil-konutlari,503,,05.08.2018,Sunucu hatası,Akıllı telefon,05.08.2018
https://m.emlakjet.com/ilan/stad-caddesinde-satilik-market-6507722/,504,,24.07.2018,Sunucu hatası,Akıllı telefon,24.07.2018
https://m.emlakjet.com/projeler/proje/folkart-incity/,503,,26.09.2018,Sunucu hatası,Akıllı telefon,01.10.2018
https://m.emlakjet.com/projeler/proje/tempo-city,503,,08.08.2018,Sunucu hatası,Akıllı telefon,08.08.2018
https://m.emlakjet.com/ilan/izmir-konakta-devren-22-m2-isyeri-5652900/,504,,25.07.2018,Sunucu hatası,Akıllı telefon,25.07.2018
https://m.emlakjet.com/ilan/konyaalti-nda-devren-kiralik-fastfood-bufe-6482344/,504,,04.08.2018,Sunucu hatası,Akıllı telefon,04.08.2018
https://m.emlakjet.com/projeler/firma/suv-yapi/,503,,26.09.2018,Sunucu hatası,Akıllı telefon,26.09.2018
https://m.emlakjet.com/projeler/proje/toya-next/,503,,25.09.2018,Sunucu hatası,Akıllı telefon,25.09.2018
https://m.emlakjet.com/ilan/mykonut-tan-acil-devren-satilik-market-6191671/,524,,27.07.2018,Sunucu hatası,Akıllı telefon,27.07.2018
https://m.emlakjet.com/haber/video/sen-o-evi-hayal-et-gerisi-emlakjet,502,,11.08.2018,Sunucu hatası,Akıllı telefon,11.08.2018
https://m.emlakjet.com/ilan/nevgulyapidan-kiralik-isyeri-6508765/,504,,24.07.2018,Sunucu hatası,Akıllı telefon,24.07.2018
https://m.emlakjet.com/nigde-merkez-sahinali-mahallesi,522,,27.09.2018,Sunucu hatası,Akıllı telefon,27.09.2018
https://m.emlakjet.com/projeler/proje/myway-fest,503,,21.09.2018,Sunucu hatası,Akıllı telefon,21.09.2018
https://m.emlakjet.com/balikesir-gonen-kumkoy-mahallesi,502,,30.09.2018,Sunucu hatası,Akıllı telefon,30.09.2018
https://m.emlakjet.com/ilan/konyaalti-nda-devren-kiralik-fastfood-bufe--6482344/,502,,16.08.2018,Sunucu hatası,Akıllı telefon,16.08.2018
https://m.emlakjet.com/ilan/dora-gayrimenkul-dan-satilik-dukkan-6537661/,524,,10.08.2018,Sunucu hatası,Akıllı telefon,10.08.2018
https://m.emlakjet.com/ilan/5-katli-apart-iki-kat-isyeri--6525115/,524,,09.08.2018,Sunucu hatası,Akıllı telefon,09.08.2018
https://m.emlakjet.com/ilan/adana-sehir-merkezinde-isyeri-6440542/,524,,27.07.2018,Sunucu hatası,Akıllı telefon,27.07.2018
https://m.emlakjet.com/ilan/satilik-31-ayri-mutfakli-sifir-daire-6378735/,503,,02.08.2018,Sunucu hatası,Akıllı telefon,02.08.2018
https://m.emlakjet.com/ilan/cadde-ustu-satilik-75000-sancaktepe-6471041/,524,,28.07.2018,Sunucu hatası,Akıllı telefon,28.07.2018
